feature_0,feature_1,feature_2,feature_3,KMeans_Cluster,DBSCAN_Cluster,GaussianMixture_Cluster,AffinityPropagation_Cluster
-0.0099307626789248,-2.2291712171759075,-1.0487380373182842,1.7816105668301314,0,-1,0,10
0.0433348879620985,-3.13421824242217,0.4124567481112717,-1.5004683798440297,1,0,2,13
2.9856154581560066,0.3704033201400654,-1.5550506260034194,-0.2330640263958726,0,2,2,0
1.3875760546276377,-1.048449710181047,-1.0085432865876582,-1.356135112330919,0,0,2,4
1.6519893799663112,-1.641126726493141,-1.0009153554180286,0.6338767981671733,0,0,0,9
-1.1783881417277997,-0.6496745168874359,-1.5010468525196083,-2.5696117551953064,2,0,1,36
0.0327896628312933,0.3729026629222249,-1.934443435803599,-1.186671510162096,2,0,1,23
-1.5222566813561538,-2.921352314746013,0.1270334384085583,-1.2721464261370787,1,-1,1,35
0.1227056608854079,-0.0773814975741329,-1.8183360970472249,-0.0299693355378261,2,0,2,1
-0.1967753623758559,-0.7182928666147163,-0.7429958068575607,2.853659862529736,0,-1,0,12
-1.0318579939386634,-0.34794368753574,-1.7680843324877706,-0.7413585656916519,2,0,1,7
0.4900535070790855,-2.5736012748682504,0.2163618348278393,-1.1963704971421287,1,0,2,13
0.3478649976735992,-0.7275187500475175,-1.4625709838838974,0.0827716153687294,0,0,2,1
0.09218979214312,1.2431451339324564,-2.8176568979952323,-2.8234130574510314,2,-1,1,23
-0.3546977851408447,-4.269998637165275,2.3922817778928422,-1.9792059676377785,1,-1,1,37
0.8722646098291156,0.905420503264436,-2.0792422216197264,0.084627510607635,0,0,1,22
1.1816450689757756,-2.081840544772709,-0.1030248667050242,-0.2164797316455984,0,0,2,26
-1.4379494829965034,-0.0169052739419918,-2.069169866792807,0.7827712727778218,2,0,1,3
1.348146092249031,-0.8931825665408083,-0.7523097588331398,-1.1747790619631922,0,0,2,4
1.1494818176854311,0.4724462710174433,-2.3936227300337274,0.5570421911822876,0,0,2,22
0.3897954310787325,-2.1291787910511437,-0.2006777583376908,-1.4101597566982396,1,0,2,39
1.3558945570260423,-1.9093825512446303,-1.6320932255034115,-0.2586412047594151,0,0,0,9
1.4636208488932692,-0.0737244732699726,-1.51461713449728,-1.102959439532724,0,0,2,4
0.7045167923083612,0.2943188026719814,-1.0273257391823167,1.209203373195252,0,-1,0,34
0.7308427746027296,-0.4320952586870659,-0.5934762325352059,1.0241714447593664,0,0,0,34
-0.0261117727509125,-1.650402927551447,-1.1847243307228854,2.162800274350695,0,-1,0,10
-0.4081169770582815,-1.0103104963100642,-0.861328291737979,-0.2599303063481396,2,0,1,44
2.8552121128014902,-0.8069863988870951,-0.9837309592112656,0.6300530867242116,0,-1,2,41
-0.4259387161492938,-0.6326131565966686,-0.9052506870171764,-0.7709115233168231,2,0,1,44
0.7921217526294422,0.8668158259689192,0.8453733512337014,1.2425209041636134,0,-1,0,28
-1.052881324828883,-2.704742070512153,-0.2010959617136041,-1.930156401677229,1,0,2,35
-1.1092386224646666,0.8331234856206418,-2.798302807384609,-0.1812810663818609,2,0,1,32
-0.8238938159833848,-3.6278722022099616,0.7274120898481473,-2.534959701304569,1,-1,2,29
-0.6547513644962808,-0.110973821844624,-2.121427166016107,-1.5127108204555726,2,0,1,7
-0.8122849411730275,-2.1554190532180533,-0.006629231860824,-0.2134115017402902,1,0,1,33
3.339714980622918,-1.996841233264353,-0.0864219240636062,0.9132485163116209,0,-1,2,41
-1.6480231929527456,-1.7555410297060452,0.2802132124118104,1.078504974438988,1,-1,1,42
0.3803586336065043,0.3690638588039536,-1.3656941114311714,0.4053501492373343,0,-1,0,1
1.186315669835151,-2.8788608073734983,-2.312646412806345,1.7431893007702093,0,0,0,2
0.8305914055772126,-0.1460073721325485,0.7385941543920793,-0.3494771605851217,0,-1,0,28
1.3782430805938866,-1.5731972135146752,-0.4129576501733472,-1.1827806119889237,0,0,2,39
-1.2077846590255348,-2.5157857502377863,-0.3628225383333913,-1.5654033426641814,1,0,2,35
1.3981064363177018,-1.3938938831952734,-1.1340730917660964,0.0786907699673582,0,0,0,9
1.402404237641746,-2.012592079875865,-1.183543521925405,1.3238756944482426,0,0,0,10
-0.3386602968951588,-2.651465638560359,-0.0353212846267629,-1.702025451157408,1,0,2,13
-1.9744366087475247,-3.6508817477517055,1.0923943725820484,-0.7921524189975244,1,-1,1,17
0.7384893181488185,-0.8488233594636437,-1.117989221430059,-0.1674190700015879,0,0,2,1
1.4357545552540325,1.003760475260736,-2.362074579461626,-0.9341321382998964,2,0,2,22
-2.2093676534121798,0.3268075099990553,-2.826198224770721,0.139249346305299,2,0,1,32
1.3266423245371275,-1.0513805604120348,-1.5516133226622344,0.9910796463578516,0,0,0,9
3.8162604557493554,-0.5172385674652822,-0.9953398920425442,1.1592161174667113,0,-1,2,30
-2.621739484598772,-1.208822700941127,-1.1978323996436946,-1.076699361233533,2,0,1,14
0.2860409490133226,-0.1071326978090226,0.1627938065568344,0.3067682588005229,0,0,0,28
1.263299061314345,-0.1440904714438646,-0.9871794162625628,0.439851714135471,0,0,0,34
2.936055829637556,-0.054687845265402,-1.432489052566166,-1.2010626835141096,0,-1,2,0
0.0048048576500718,0.098813641699027,-1.767946575909967,-1.6307194500292983,2,0,2,23
-1.569877788753438,-1.9211486869808567,0.0075341838147768,-1.2598217173183763,1,0,1,35
1.243269770872471,-0.5685407020079296,-1.1902789289395703,1.197134553950694,0,0,0,34
1.5243597312606654,-4.76617487533294,-3.202507260266947,-0.4430825103416784,0,-1,0,31
-0.3480345167614022,0.3086318574254842,-2.2360638889857354,-0.0888001857611631,2,0,1,3
0.557498209063211,0.4612892265209478,-1.3814287665862306,-0.5928302343273849,2,-1,0,1
2.077611956723736,-3.2884662300544503,-2.2471861305071297,1.629030316312691,0,-1,0,2
1.3079113857212403,-0.6249249579206986,-1.1236179709313705,-1.154553116910347,0,0,2,4
1.5208677503146877,1.5007135953176394,-2.7771266598976805,-0.053937573871913,0,0,2,22
0.2284099388321188,1.437549512867733,1.072341172476578,-0.0940319660009909,0,-1,0,21
0.8959409810171716,-1.9600218602063133,-1.7010610823094017,1.048376278622288,0,0,0,10
0.5931155142314622,-3.8576290717608126,1.0019375034221285,-1.2587763021149776,1,5,2,38
1.1107252439617026,-0.3436077433403653,-1.426788002093388,-1.0261724653327926,0,0,2,4
0.5512573431391924,1.14767815452015,-0.2028978818463587,-1.7222194653808742,2,-1,0,21
0.0659422229502491,-2.9500864886593083,0.9975491735743924,0.8056277325353582,1,-1,1,13
0.4623994526528532,-1.3929107547178066,-0.7794844180587102,-1.887094313216711,1,0,2,39
-0.8814270283307177,-5.1702764087930495,1.6099757613698538,-2.8652939452701838,1,-1,2,37
1.5026437627522982,-0.2827989832073336,-1.7302310632541276,0.32678221785439,0,0,2,9
1.9856339744653937,-4.86151292904936,-2.874298082432407,1.0418046246970911,0,-1,0,31
0.2510702577443101,-2.171370672669355,-1.7849146893422307,2.767529023340482,0,0,0,5
-1.801931766804615,-0.7932262867762063,-1.7677193186776918,-1.9381246670192815,2,0,1,36
0.4763011250072094,-2.636232326320927,-1.13097107359613,-1.7837479455488996,1,-1,0,39
1.256987795876165,-1.147704185538441,-1.0370327435644255,-0.0891079504441285,0,0,2,9
0.3974616826618373,-1.147671279499327,-0.9492830230589182,-1.93679003993246,2,0,2,8
-1.1460856147356646,-1.1885730403675283,-0.6731917037177977,-3.368348857555996,1,-1,1,19
1.246403204690487,0.3070672156991318,-0.5792782788777282,-0.1583333173815013,0,0,0,28
-0.6451179910452804,0.412812357276576,-2.211065354451601,-0.8894233075970157,2,0,1,3
1.0748990190651988,-3.087123720757317,-1.1511269516470706,0.0130259854562841,0,-1,0,15
0.3983251377299999,-1.9649394509874487,-1.8899849484069249,-1.4436434022312343,2,-1,0,8
1.357844729117294,-1.1344150040160783,-1.5455435389030248,2.279660634755521,0,0,0,6
-1.1081070730064733,-1.2970315847770488,-1.0150441098688645,1.750353299628812,0,-1,1,12
0.2273355609367937,-1.9839524029018605,0.038615889457086,-2.010810742180173,1,0,1,18
4.729762003438035,-1.112903224703503,0.051969141606645,-0.8444753420725628,0,-1,2,30
0.4483722548840535,-1.134589191108345,-1.095453465645957,-0.8401716840411325,0,0,2,4
1.5715386613788218,0.3242104463297233,-1.8637197289416216,-0.8094134769376989,0,0,2,22
2.6049034191422438,-0.8861787137712489,-2.6016174560424408,1.2516599335511525,0,-1,0,6
-2.2117175279499453,-1.9887575146691296,-0.177099152089171,-0.1473876788663054,1,0,1,42
2.090152976601789,0.4298545879980804,-2.037177102874192,0.7456700091319417,0,-1,2,22
1.6327890094263395,-3.340230731964586,-2.7450711833270205,1.424480472652033,0,0,0,2
-2.171672263116338,-2.5437903961052437,0.3850131641966798,-2.0747047344500125,1,0,1,35
0.6392669944420564,-2.180658572402605,0.4765328561977162,-3.0759031624000284,1,-1,1,18
1.870997444449615,0.1331720794310029,-0.050354102746287,-1.0023406939720665,0,-1,0,4
-0.6555731383637518,-0.4202021341773319,-1.6982997525736825,-1.175314308942667,2,0,2,7
1.2552130406493704,-1.6104069712833522,-0.2903268455264285,-1.557208204975478,1,0,2,39
-0.2804765481647747,-1.3817137907521462,-0.7291043596435859,1.0714144927811051,0,-1,0,33
-0.1522501674838776,-0.9750407444671424,-0.4445531576482232,-2.1372708434797385,1,0,1,8
-1.2682872767116988,-0.694712951376929,-1.9294487856760412,-2.993942102997722,2,0,1,36
-2.995446500000238,-3.667420262036387,0.2562533119604182,-2.2310572572820906,1,-1,2,29
-0.4731583616661106,-1.6677360522656872,-0.0668738851644396,-0.5484748123458838,1,0,1,33
-0.9031360528206114,0.1519960898231611,-1.87793063289446,0.281186620637279,2,0,1,3
0.8043686941765331,0.7204868142780196,-2.1136113099149645,-1.9085649734364911,2,0,2,23
-1.1685738374425023,1.0498904741823232,-2.778505776480918,-1.3966396857188133,2,0,1,24
0.4901147955534215,-0.7198213686048225,-1.065823074319194,-2.065797454522763,2,0,2,8
1.9945415819204848,-1.0333598158490669,-1.2810282268451596,1.0136255931285665,0,0,0,9
-2.045435506863608,-0.7456646408963399,-0.9133322315748372,0.809894410130364,2,-1,1,11
-0.7457425520118606,-0.6111843841236451,0.1676898502886004,0.636603482233943,0,-1,0,33
1.8253041759655189,0.2356264525201075,-1.6019643093536782,-1.035180619816813,0,0,2,4
-1.385405455911379,0.620280422123825,-2.342252268804088,-0.868950179886571,2,0,1,24
-0.3833067683747293,-1.0697948126179702,-1.2549597265411925,-0.3539395251085313,2,0,2,1
1.196732399142379,0.1496229964966255,-1.4932793925359018,-2.5281980229365173,2,-1,2,8
0.9591243244922396,1.0860757767927622,0.5668744230957341,0.5725483391708908,0,-1,0,21
0.8237982067530321,-1.106405823704555,-1.2884000185998157,-0.0343620189241531,0,0,2,1
2.9369237532966226,-2.1117260870438157,0.3696676640300733,-1.2377398134720108,0,-1,2,27
0.7220969344146302,0.143029086163076,-1.9312249384453744,0.0616508216822462,0,0,2,22
-2.5062496088070474,1.518053261519293,-3.6112558041426888,0.8797349674229,2,-1,1,32
1.3299960393399333,-1.906273674051003,-1.959344285463334,3.192533992547957,0,-1,0,5
1.8543617785352304,-1.1102379734605925,-1.315724430891868,1.5107906971712288,0,0,0,6
-1.7789874396498235,-1.50340836337391,-1.1830581068306336,-1.5787226896601565,2,0,2,14
-2.210082881737836,2.850319626259412,-5.120366553900402,-0.8220955398428503,2,-1,1,20
0.5256960131658321,-0.6369970282365114,-0.6297120971123015,1.3908984563078066,0,0,0,34
0.3647900752704207,-1.4796352106673931,-0.7327216588383392,-1.4912146259488754,1,0,2,39
3.0824925532764262,-1.6131435581908902,-0.1152482127317635,-1.5242577162616897,0,0,2,27
-0.2856400184216399,-1.4372115414197255,-0.94662405782028,-1.6631103096977076,1,0,2,44
0.242288977066079,-3.1175899188760354,0.4891344082337094,-0.9771256032363316,1,0,2,13
0.168526815674713,-0.9560772914170612,-1.4847154839586814,0.4746337789529122,0,0,2,1
0.7706713168660567,-2.067877186606551,-0.4303867325760305,-0.8463361657964317,1,0,2,39
2.8619787965713037,-1.5782531126879085,-1.3389203137217136,0.4267776273206914,0,-1,0,41
-0.0878443274544679,-2.754874915784668,0.3783727725986459,-1.69682467554461,1,0,1,13
-1.271395378551261,0.247274553534339,-2.276420109011952,-0.8780924640351704,2,0,1,24
-1.968202036665527,-0.5613585182402028,-1.725619945792269,-1.614448411249223,2,0,1,36
-0.6545050159921788,-0.8386300651585623,-0.4393529973673616,1.9182332964747268,0,-1,0,12
-1.57258358917972,-0.1839705354828359,-1.850525192002805,-0.2340723929198275,2,0,1,11
-0.5727280628291223,1.633375392563337,-3.37987725503966,-0.0516794105839333,2,-1,1,32
-1.2553564794706278,-1.883828499289439,-0.5605401511571667,-2.188929742774122,1,0,1,19
0.7598864049733551,-1.7204298569098602,-1.2745579656251664,3.8647510550665016,0,-1,0,5
2.231022303592998,-0.3304208528950811,-1.1270775258383992,-1.3528929257681477,0,0,2,4
0.0822619806167369,0.9591091674373208,1.2982753178241828,1.6297530756543712,0,-1,0,25
-2.0933386401602503,-4.397543527182319,1.8435567979834708,-2.742431186503942,1,-1,1,29
-0.6649763088918366,-1.8758041479526368,-0.4897884809621453,-0.9529089546946392,1,0,1,44
-1.3873544764656514,0.3811165794118449,-2.143021780255153,-1.5160348959335324,2,0,1,24
1.740801764538311,-1.108897355696955,-0.5488626881087098,-1.3061334624442344,0,0,2,27
0.8854995290083192,-1.911996278013028,-0.3385070214940926,-1.6803787175478786,1,0,2,39
3.482216290565756,1.9730585004709944,-2.8187079645736497,0.4464563485329644,0,-1,2,40
1.9092008102237916,-2.258196533522759,-2.3393891312485016,1.8216826745042891,0,0,0,2
0.363639156398803,-0.3175405893315673,-1.3332844745075108,-1.7382933019796196,2,0,2,8
-0.5835282939346743,1.404444337511312,-2.9557532905718515,-1.392525592435363,2,0,1,24
-0.2208513530345994,-3.560629645043777,0.4135259382795557,-1.0455757525023508,1,0,2,13
0.3973318909125239,2.076337546677352,0.418998550502403,-0.2543968586162448,0,-1,0,21
2.5790594195908145,-1.4172734934496194,-0.4422601430342243,-1.0483133393939443,0,0,2,27
-0.6631360910437131,0.4393433135504627,-2.825153452143951,-2.343048331824188,2,-1,1,24
1.2746682718823277,-3.1739348430601444,0.6668448065862247,-2.610308561154284,1,-1,2,38
0.72539987965901,0.0783932586525841,0.7645096980541295,0.5711237991756044,0,0,0,28
1.710413202617613,-1.7578802783553389,-0.3141143111193757,-1.5747394606195504,1,0,2,27
-0.7654935004801752,-1.3611148594458666,-1.054491734484115,-2.646002960348738,2,0,1,19
-1.5271299451534617,-0.8373084020388226,-1.7220008593745098,-0.3652311106280292,2,0,2,11
0.4501521690666312,2.299114196967605,0.8158950701590773,-0.6150165410659949,0,-1,0,21
1.831100271455255,-1.041179374100237,-1.9351549618973236,2.101709729247032,0,0,0,6
0.9993710567816848,0.9050596573195264,0.0418252290740894,1.829386509465324,0,1,0,25
1.321255324020742,-2.194961803455402,-0.0498293535235091,-2.7483133894587555,1,-1,2,18
1.4515915945902875,3.083257442578449,0.1759844328846558,-0.3455414558001097,0,-1,0,21
-0.4984973720580118,-4.090275047412275,2.0686675263880367,-0.517410365708149,1,-1,1,37
-1.6994826205270237,0.5507138021950826,-2.067929372127093,-2.1012910509896336,2,0,1,36
-0.2188266887101411,0.8804002765795613,-0.4210103496273688,2.056597092123888,0,-1,0,25
1.1798715998474725,0.1977082902555618,-0.1656948599734952,0.5471630036799378,0,0,0,28
-0.0782352877771834,-2.2306539302795336,-1.8043855030239435,2.9724615656505584,0,-1,0,5
-1.630604656113068,-1.4411092996315302,-0.7512095000465375,-1.37175915325929,1,0,1,14
-1.7845059771553426,-1.347296041413811,-1.1795974741643371,-1.479256789566411,2,0,1,14
-0.5834202086596173,-1.5157169073217864,-0.2091949361742923,-1.0632802547899654,1,0,1,44
-1.552161612898488,-3.113729342370402,1.056402176623433,-1.7224503176569044,1,-1,1,29
2.749149822379225,-1.3199795645000505,-0.7548761455632012,0.7620584546014673,0,-1,2,41
-1.2310468036369615,2.5915406442977407,-4.312195247829106,-1.7115408227986602,2,-1,1,20
-1.1262396091797937,-0.0508039597809546,-1.9896506558926088,-1.94345683521058,2,0,1,7
0.0500447056147675,-2.486409284403372,-0.0032532201468051,-1.846366714523323,1,0,2,18
0.5477102241818104,-1.7856400696541113,-1.1424918320692918,0.5695178667338361,0,-1,0,10
0.19269864380089,-1.5687782526989982,-1.066892529683155,2.974435263708397,0,-1,0,5
1.5157586115634891,-3.4144825864340818,0.6775393503596929,0.647929529328106,1,-1,2,26
1.379366790409727,-0.8895186298391728,-0.8905851906159837,2.8998518128002813,0,-1,0,6
0.404195416687177,-1.96989513688116,-0.5902995975811983,-0.8926932004850324,1,0,2,39
-0.0253354927363453,-4.307198204508495,1.3401296527888085,-1.9445974405911528,1,-1,2,37
-0.2319356447660222,-0.5887389235859062,-1.6220083848132445,-0.4227322329162732,2,0,2,1
-0.726706089265845,1.91422145682256,0.1760214363841543,1.8886910408046635,0,-1,0,25
0.1075299791531518,-4.302158744959417,1.9891845721357877,-3.183220425191391,1,-1,1,37
1.990717893731987,-1.5495247490588024,-0.857636783633094,2.6077397800699758,0,-1,0,6
0.3589558163030691,0.6363955325643837,-0.6493079820820905,-0.2395601350626413,0,-1,0,28
1.345827380259229,-1.053898806046781,-1.0649019411538692,0.3447737258003708,0,0,2,9
1.2596793534648598,-2.2094612770661586,-0.0658178732809937,-0.7012423796303,1,0,2,26
-1.5072972669645617,-2.6858015933044643,-0.2733485580587467,-1.5637900256762434,1,0,2,35
-1.0139584909827444,-0.7415922557173741,-1.3599838967342326,-3.1616837229290304,2,0,1,36
0.664918738208401,-1.7140111383554826,-1.3638004474888328,1.5743096632903493,0,0,0,10
0.7935486184550253,0.78304272926667,-2.176116365495524,-1.4872309272066029,2,0,2,23
3.120412254912738,-2.1027456354699403,-1.799272063111316,-0.0987854333352071,0,-1,0,15
-1.911372511603603,-0.907835312522399,-1.5318688796726965,-0.2523456965748086,2,0,1,11
3.6674333337986855,0.416998760760108,-1.5028602882618871,0.3767010160396551,0,-1,2,0
-1.2945931293927102,0.1604097004067444,-2.520368647386311,-0.6914644448456511,2,0,1,24
0.8475970244583242,-0.6207059092476812,-1.3029648492892598,-0.8770078347190454,0,0,2,4
2.118186528332735,-3.424133543136096,-2.2185075603143294,1.54704172483353,0,-1,0,2
-0.8359958368905547,-0.5417775622216991,-1.641348288284712,-0.7204912631105235,2,0,1,7
-1.014760544068404,-3.508354385955275,0.5033798931558284,-1.9210593738461557,1,-1,2,29
0.1014874679471237,-0.7997828323618159,-1.3769042932391515,-1.010505773979531,2,0,2,7
0.7960730128433255,0.1885170917617402,-1.9321963945508476,-0.6491863686947641,2,0,2,22
2.369371210132121,-0.8048605222106204,-0.9426374714402718,-0.3746989927543115,0,0,2,41
0.6728458987502403,-2.040910437144386,-1.4834185789085343,-0.1017240940655872,0,4,0,1
1.086148543480827,-2.8315193239548035,0.0613291730823264,-1.072302738070387,1,0,2,38
0.0428267889416534,-0.5263729234889762,-0.7637268022451581,2.2477577949310183,0,0,0,12
1.1735613878432711,-0.4511468968985737,-0.8883587243952691,-0.4530707977130321,0,0,0,4
0.5252046625604693,1.2150721259242072,-0.4273295357441415,0.9609983395056144,0,-1,0,28
-0.5788452783772866,-3.3823535176620565,0.8099057555846292,-1.6885185679687829,1,-1,1,29
1.1153759717201948,-1.2977985715768643,-0.9252045438615258,-0.2799462195105962,0,0,2,9
-2.563016678783444,-0.0766199608558697,-1.7926711212804658,-2.37184778022096,2,-1,1,36
-0.0027012504694579,-1.2280956973257515,-1.6910166685049908,3.3927465946213062,0,-1,0,5
-0.1415830424204047,-0.7373270994041964,-0.4229107751783704,2.0537863186054146,0,0,0,12
1.61895708037033,-0.7601012293856526,-1.737582670733846,0.2718154800922401,0,0,0,9
-0.9485569314111392,-3.7453732052264255,0.7333136519440118,-3.81710485919904,1,-1,1,29
0.6577059691292297,-0.3939189814592184,-1.5023041433534123,-0.6617261582082923,0,0,2,1
1.4055605243029716,2.77005718790091,0.8073229962847475,2.5072901949350426,0,-1,0,16
3.020731471228736,0.3694184560690943,-1.5774088532174384,-1.0430595471741035,0,-1,2,0
0.2907578850972425,-1.4331482896427827,-1.558288797339312,2.6230910417263464,0,-1,0,5
0.1104628119699678,-1.7600035143863302,-1.597428782349782,0.2538499891114636,0,-1,0,1
2.089243802727337,-1.9766586204963497,-1.3222014432609714,3.873045335540998,0,-1,0,6
-1.6390107431139014,-1.3564930460552724,-0.8078054416768058,-0.6884896884858493,2,0,1,14
1.362317429748657,-3.696518502869017,-2.1849879513322854,2.48433375141793,0,0,0,2
-0.3319718555973929,2.547005903208753,0.866140133189192,1.8434771167660529,0,-1,0,16
-0.2236598417654225,-1.7226748223450865,0.0561596037025706,0.4532309218723809,1,-1,1,33
-0.1379350427317378,-2.9833305344317047,0.2797445191740686,-0.8996903545667893,1,0,2,13
1.4007200920887737,1.5097705651129467,-2.9243911764848933,0.1159126311428702,0,-1,2,22
-0.2858168404299464,-0.6160295433911094,-0.1001267479945809,1.4081053455988637,0,-1,0,12
0.7971111903814467,-1.50558676782751,-0.6870423940438708,-1.818141067678054,1,0,2,39
1.0078752037758052,-3.248581772074969,0.5513547296461099,-0.7545885839448153,1,6,2,38
-1.9978511831229349,-1.191715397422257,-1.1890298440408038,-1.251364336427799,2,0,1,14
-2.277728954325035,-2.474979173962521,0.5343520573109362,-0.4406785185700698,1,-1,1,17
1.8870583700383563,-1.7565346751676918,-2.2568577702477635,2.1506666893281547,0,0,0,6
-0.954363669038828,-0.3824167049692679,-1.9441825574559148,-1.5484370989591465,2,0,1,7
-1.5724313243717696,-1.17823672325095,-1.2633721026008151,-3.0355163925609663,2,0,1,36
-0.1498842037109878,-5.009992140123888,2.5939329687047272,-2.173681138329475,1,-1,1,37
-1.2656010140326068,-5.205627127837596,2.373904722218793,-4.2019349094551615,1,-1,1,37
-1.025254869716688,0.2259716411947772,-1.6512022805566575,-1.2586691692479393,2,0,1,7
0.8684137096634418,-0.8050993831691267,-0.8231837260600394,-3.056944891169684,1,-1,2,8
0.5928177997595967,-2.9058542757770374,-2.346024607359932,1.5275293776365242,0,0,0,2
-1.9445304331782065,-0.8024504310265164,-1.1558862336924665,-1.8282805187297533,2,0,1,14
-1.98235416370002,0.6626020547818998,-2.7661665741384707,-0.4722415317594911,2,0,1,32
1.234383966120911,-2.650697950405392,0.3319987105750928,-2.8655120838608186,1,-1,2,18
1.459302305466937,2.3694409589603707,0.8184676236793826,0.2397294103098988,0,-1,0,21
1.3809753350635283,-2.5918504853525146,-2.321937675224379,-0.5774636555756447,0,-1,0,15
0.5167114968086665,0.9411938500334542,-0.143844028911382,1.2771128783918742,0,-1,0,25
1.3402975504513868,-2.7389668894467,-2.936455063976912,1.5874915807019332,0,0,0,2
1.0195160190637635,-3.664351436682211,0.7643287741218836,0.7745386610263754,1,-1,2,38
1.2516653205849764,-1.3654248155703366,-0.7245990601010444,0.7584941340165239,0,0,0,9
2.288242166218297,0.2292608631878847,-1.6479954093652802,-0.2889577305142884,0,2,2,0
-0.5587011246227445,-0.3116068677835963,-1.8516688164744364,-1.7672623198463937,2,0,1,7
2.7869581720274983,2.045569100884155,-2.956243934697413,-0.3549954023578024,0,-1,2,40
0.1792887135549727,-0.473786886042631,-1.6319906274250555,0.3428225279352417,0,0,2,1
-2.2052638268899662,0.8150347661638555,-2.810215347182157,0.6418325554561564,2,-1,1,32
0.6099335124674707,0.5064916876596728,-2.303752754786701,-0.7555986401886899,2,0,2,23
-0.7964931645426339,-1.2360358388913215,-0.9511998658291558,-0.3671676346388248,2,0,1,44
1.0314599381256402,-1.185359377693903,-1.0625705508103105,-0.5407014363136917,0,0,2,4
-0.7604145445613317,-2.586583248750084,0.2941218918032957,-0.2974632231750433,1,0,1,13
-0.3928299768989226,-1.890164539142401,-0.4147015058180405,-2.637240042536237,1,0,2,19
1.6168134284752038,1.0622642391032469,-2.424163219060453,-0.057461345727431,0,0,2,22
1.236405470162089,-1.3336719627694795,-1.177624936265259,0.2052447984364193,0,0,0,9
-0.4634212795238706,-3.0742028887631,0.440387604258925,-2.877943677185557,1,-1,2,29
1.811798052697932,1.7142608540848134,0.2150381412159778,1.010941972732696,0,-1,0,21
-0.6602141466867741,-1.406817213086069,-0.8513530927549156,-1.7519556810432837,1,0,2,44
1.487431036847342,-0.233739608254609,-1.6829136636860489,0.5212648940910074,0,0,2,9
0.5784184063257964,2.9934593721256566,0.867855816946201,2.1113712602280987,0,-1,0,16
0.8398350730958051,-2.705763564859729,0.4027319361684898,-2.200586337740138,1,0,2,18
0.2194266450918242,2.5029370099972263,1.1392403134248132,0.0865604592951548,0,-1,0,21
1.239067373441778,-0.1361263693772234,-0.122343490521476,0.8224858595778491,0,0,0,28
1.4644378812646095,0.75192557095022,-0.7617766082160562,1.1240711147749942,0,-1,0,34
0.7373821140098551,1.0151875354540063,0.2490982011784575,-0.8565859788828127,0,-1,0,21
-0.4694436757006313,0.6081674848767462,-2.3276973937656917,-1.42189350265811,2,0,1,23
0.4640734158045336,-2.983913452439651,-2.8227745087337173,2.97989723133617,0,-1,0,5
0.7870484976637293,-0.9396317371752482,-1.3538531985368465,-0.4033639964848198,0,0,2,1
2.192525150596228,-0.0886938382626277,-1.049297266905424,-0.0683238130137382,0,0,0,0
0.3789684433711873,-0.4649654709519635,-1.5238415700901884,-1.7141110455958577,2,0,2,8
-0.3761216475081077,-1.140824307854937,-1.0778933078074948,1.621061813633316,0,-1,0,12
0.3516356299801286,-2.345163886446305,-0.0374385383410843,-1.1076032241019709,1,0,2,13
-2.264949478792481,-1.051000416800664,-1.568637529275236,-0.2988191985927398,2,0,1,11
1.425869279547989,-0.913668327350196,-0.6646847201693338,-2.6426124481552677,1,-1,2,8
1.383276742786864,0.2638474377420514,-1.7395292367210389,-1.091323827070254,0,0,2,4
-2.43229686195676,-1.973663941068696,-0.12971306896374,-2.1485158992510187,1,0,1,35
1.758407526270571,-0.1799986632576646,-1.3328896887092512,-0.7857332908555048,0,0,2,4
-1.601878456420594,0.8983316215128456,-2.982679561713017,-0.1208217240964668,2,0,1,32
2.2635492273884887,-2.76563019238788,-2.034236395452657,-0.0392584941392519,0,-1,0,15
1.0792605801437516,-2.5788256818374045,-2.0734815748124635,2.127346141837813,0,0,0,2
-4.351927147502674,-4.735638561928964,0.7143335482217721,-1.963310720477922,1,-1,2,29
0.7180238789107403,0.0257472569109755,0.2595214670490813,0.8256894945108504,0,0,0,28
-2.0904530309031624,-3.129894762586329,1.213442915851667,-0.2032952266285204,1,-1,1,17
0.8743913369230765,-0.0611753836773227,-1.4595147901733294,0.5468072029701265,0,0,0,1
-0.1616905624449386,0.3525906927378321,-2.0043243786394385,-0.368841927918787,2,0,1,3
-0.4263656581651894,-2.777890657146837,0.6339506372511894,-1.2493497390669237,1,0,1,13
0.9741709831019147,-1.307000953046274,-0.7512807950251283,0.8452142977228614,0,0,0,9
2.4821018358452456,-1.8426688428654745,-0.0926079893019663,-1.339384250995241,0,0,2,27
-2.0118816033439084,-3.526214136407188,-0.080141702075967,-0.5245905801953269,1,-1,2,17
0.9781827711577402,-1.045607600135995,0.0423777955369739,-1.0799951700047603,1,-1,0,39
1.1080284312251172,0.685539490543432,-0.340123894657694,1.5889326253482658,0,1,0,34
0.7189519900921777,2.083389997529832,0.7617941583930905,0.6195581244569257,0,-1,0,21
-0.818807476787079,-4.435040512385113,1.758773372318252,-1.2327321078243445,1,-1,1,37
-2.381925705863857,-0.9150134674650916,-1.0111981041927192,-1.654157928056297,2,0,1,14
1.2639125397875537,0.0032830005841275,-0.8736360883064892,-0.2600078755115274,0,0,0,4
1.362003563328624,-1.5290473888805196,-0.8565987142837074,0.1690419684849251,0,0,2,9
-0.0004604616386265,-2.973836388392846,1.448496411063807,-2.2019871743069013,1,-1,1,29
0.1712450991049486,-0.4022720723777511,-1.444229090298626,-2.9262026335384927,2,0,1,8
1.2795300673957062,-0.7846219105627766,-1.5964721999586071,1.070773179255017,0,0,0,9
-1.1599244982698815,-4.102609174128565,1.557282102877246,-2.9885978333944028,1,-1,1,29
1.7777837217033428,-2.135956811054874,-1.856158549013324,-0.3506746266227545,0,-1,0,15
1.7071144527156727,-0.2865492999885666,-1.1584492001466584,-1.5927973800449369,0,0,2,4
1.432025351041084,-2.17664817941161,-1.8448244514474967,1.4443072193867033,0,0,0,2
0.1030031269699349,0.9945865703496996,-2.332386029857041,0.008807040499229,2,0,1,3
3.0200381692856286,-1.4389440248180996,-0.6788302081474069,0.0400349683508095,0,0,2,41
1.4786109463090291,-3.0866214590588807,-2.2112882450136757,2.0904296696973885,0,0,0,2
1.3613490176137448,-0.782268011020469,-1.3683192053617703,1.554340191623132,0,0,0,6
-0.6599942186009601,-1.61213691001129,-0.7340703622449989,-1.0164401427350522,1,0,1,44
-0.5825835327974147,-0.3788548396889791,0.9934859749609964,2.1556063838482338,0,-1,0,25
1.9047407144514177,-2.762011628338376,-1.8475328036376453,0.4137550605089165,0,-1,0,15
1.5226855647677406,0.8982988436924044,-2.5551155387540643,0.2819452616594522,0,0,2,22
0.8909571148963753,-2.2700683351176743,-2.252584824656896,2.569893115833347,0,0,0,5
1.7893048038423802,-2.8102547386205776,0.7631491913921558,-1.7253364953392976,1,6,2,38
1.6949469279315403,-2.743469984860829,-1.3954977353175524,1.0005362122473578,0,-1,0,15
0.9423040350135709,1.183631585369561,0.2675503202127984,0.7592949429684838,0,-1,0,21
0.6965921085262199,2.627385229265581,0.8755048433313095,2.135352255533579,0,-1,0,16
1.3727171059665595,-0.4548482306245762,-0.5105918735349424,0.3055291487400611,0,0,0,9
1.674802825348718,-0.8738972114286233,-0.8607168843920674,-0.7349854331505621,0,0,2,4
2.2952320879625923,-1.6706637869451055,-0.1608649829702397,-1.01102496690149,0,0,2,27
0.1816948722425899,-1.3684704354197854,-0.3096479739863645,-1.3423585994871927,1,0,1,39
1.8127652634428948,-1.4380782083423214,-1.497070788304045,0.5284934411067989,0,0,0,9
-1.3138269855216744,-0.4429162836869789,-1.464353893797214,-0.6174109249829096,2,0,1,11
-0.9905547243921776,1.8930125987786923,-3.2830147236188,1.421156553700719,2,-1,1,32
0.703052891884579,-0.7518764493206531,-1.2753555261530312,-1.27080516695877,2,0,2,4
0.6302383960972764,0.8074177486260332,-2.2892707527430765,-1.1249974389119382,2,0,2,23
0.741063561326517,-0.8113611382029645,-1.0253142244552174,0.9652184620024408,0,0,0,9
1.239237659840216,-1.35291954973557,-0.9302039921036576,1.2421457008624393,0,0,0,10
1.972061484622191,-0.629928596705182,-0.9811237683633272,2.2766884076306635,0,-1,0,6
0.4961340797577696,-2.499072238277148,-2.11481015752153,1.7404488022006537,0,0,0,2
-2.6982828014083164,-0.9423993581164328,-1.0965640736715894,-0.6145955604040736,2,0,1,14
2.5602483348548626,0.2987016362723989,-1.4202136280508697,-1.6569707093939885,0,-1,2,0
0.1570559025910241,-1.233585182136435,-0.0457211720791997,-0.043694167451731,0,0,0,33
1.672968990630975,-2.4673875722419885,-2.588561995616373,1.3928652769262204,0,0,0,2
-0.4441801939782623,0.9841220307701256,-2.6558956240408915,-0.8671765571428329,2,0,1,24
-0.8424553431699096,-2.1421273100460807,0.5633624107543815,-2.114431682085661,1,0,1,35
-0.194916787809078,-2.5933519306321458,0.4145649172445098,-0.5304400870578291,1,0,1,13
0.0480372245706658,0.149467701621647,0.3595070759099457,2.1432224173985865,0,3,0,25
2.537482228133297,-1.9175253642275012,-0.1718526648296385,-0.817538852130257,0,0,2,27
3.603648017835693,-0.0457173000244912,-1.2780950477306785,0.977867278669888,0,-1,2,0
1.2841675181334653,-0.4080346485959386,-0.5815752098581172,2.532993212057221,0,-1,0,34
0.7838584524616293,-1.4259611501590763,-0.7068228158863372,1.60649335396519,0,0,0,10
1.9729445725834995,-0.4613826609430761,-1.2199478867312514,-0.8486364447074669,0,0,2,4
-2.097908874850173,-0.9353539952460128,-1.4804891545096306,-1.7179750282366273,2,0,1,14
-0.1139644636622045,-0.3661761978824288,-1.5050455412350523,-1.1475673247689926,2,0,1,7
-0.8535887627061731,-0.2095171283864116,0.1712385837625314,2.1613324265429323,0,-1,0,25
-0.2030522027455281,-0.3902168197527373,-1.4651214785993685,0.903844303513008,0,0,1,1
0.8710199307120516,-3.1602622262859703,1.0866401516621194,-1.3235770776343172,1,5,1,38
2.235818005645486,-3.3790123001705035,-2.9161449375383945,0.8451757378152014,0,-1,0,15
0.6075516096902159,-0.2886660192614071,-0.6773450469273407,-1.3310878318610562,0,0,0,8
-1.5553326154396632,-0.1912873754696284,-1.9268881885647264,-2.908388018937875,2,0,1,36
0.1116840866730891,-1.9943845705609533,-0.7815312863174234,0.978596969245727,0,-1,0,10
2.142397583956959,-2.094255131714671,-1.437415173748819,1.5166625565910818,0,0,0,6
-1.4817184427000047,-1.9165228674280923,-0.1032618887638776,-0.2244392816970628,1,0,1,42
0.9810346417703756,-0.8991744225723382,-0.5802523512509423,1.0972370433440952,0,0,0,34
0.2312104190293845,-0.4174944459579199,-1.819275289561768,0.2536991841028462,0,0,2,1
0.8555835056766226,0.8938122856225823,-2.9051058597429344,-1.092025817302399,2,-1,1,23
-1.15896564751553,-1.7336390426753434,-0.8153079571742097,-1.201132561641294,1,0,2,44
-1.6042382495737426,-2.946453889506084,0.6846301858507804,-0.1142218348954365,1,-1,1,17
-0.1369699052573346,-1.0956089959878106,-0.840215115028681,-1.780872907835354,2,0,1,8
-1.1481246610985871,-1.751980177379247,-0.0415314472763806,-3.0868548034513346,1,0,1,19
-0.3932027042702564,-0.5123260076602452,-1.373849384610778,-1.49061646729503,2,0,1,7
1.2485926613415856,-0.8428012841778232,-0.948107138901127,-0.5338662995975432,0,0,2,4
-1.0244524830512516,-0.3445307959226177,-1.1935269732392382,1.7423416407148609,0,-1,1,12
1.4462523540032743,-0.4594624544378729,-1.4254939782123388,-0.5511291212818832,0,0,2,4
-2.245953227253129,0.7753742242081685,-2.7519930784011035,-0.1248078357115494,2,0,1,32
-0.5437353906975793,-2.3729236410346357,-1.9574316532507847,0.2279952207290622,2,-1,0,1
0.993209611812638,0.0334367426350685,-0.4049420700296614,0.3300069271932473,0,0,0,28
-0.2830779701744286,-1.2909689640738071,-0.9475034936914942,-2.3612377068054435,1,0,2,8
-1.1743587722907107,-3.0521935438349117,-0.0437465506675278,-0.9225205858103386,1,-1,2,13
0.6007665017177067,-2.300014024625486,-0.0363997894166381,-2.121944279831657,1,0,2,18
-2.3169162476307967,-1.295577214150759,-1.244779162469091,-0.6351823133487453,2,0,1,14
-0.8068230371717786,-1.638836152107245,-0.4591748155183439,-1.9215683556097192,1,0,1,19
-1.1573595952960267,-1.6188650923592556,-0.3992078892786639,-2.5883425377970872,1,0,1,19
-2.125218890066191,-1.0064380055995903,-1.081397216780207,-1.284867107351897,2,0,1,14
1.3412387693082306,0.2111027459560486,-2.1077760251134063,0.362402910661685,0,0,2,22
-0.8369874332964149,0.1593766654034618,-2.0622137549698927,-0.3976629424650622,2,0,1,3
0.5713066028334404,-1.793525207783456,-0.7410793819939802,-0.3258290635853734,0,0,2,33
3.295936169676707,0.6319472792564012,-1.5454009554528512,-1.4591163682499717,0,-1,2,0
0.1961620574264972,-1.990086031877402,-0.2471585540827506,-1.5775319467586415,1,0,2,39
0.9330146962072472,-3.4267900128681807,-1.5326204881530012,1.0843870983650463,0,-1,0,2
0.9037155182453972,-1.3352328766725818,-0.5140299654718742,0.6284024634927312,0,0,0,9
-0.1948792244622668,-0.4825255729165086,-1.6538629365360895,-1.4142523795132924,2,0,2,7
-0.8748702509621057,0.1217513654190816,-2.309262322693016,-0.2888943716574406,2,0,1,3
-1.1644218754107285,-1.4327389384800386,-0.6295823777578019,-1.7351555105399925,1,0,1,44
3.7914328312388985,1.0153656839218286,-1.7657028798360792,-0.3395657028817846,0,-1,2,0
-1.92567321475395,-1.845598843760266,-0.6315399252450675,-2.465403578518379,1,0,1,19
1.452573505174262,-1.0039015035541667,-1.084883987530777,-0.7334014052875395,0,0,2,4
2.0344700451494,0.4870597028136361,-1.6891416209531889,-0.942149016490539,0,0,2,0
-1.511602436560866,2.753991207869594,-4.64767989400018,-0.2299945804838358,2,-1,1,20
0.6648468315329625,-1.8674160875104204,-1.0180088056629688,1.7179520646342523,0,0,0,10
0.7763658479818187,1.473509144823378,0.2932930340937578,-0.1531727423953308,0,-1,0,21
0.3371875427099037,-1.6965719026994155,-1.152247914348063,3.140655934066593,0,-1,0,5
-1.3627407593488314,-4.677970780936496,2.4014759966127186,-2.487044414358732,1,-1,1,37
-1.5209073930262478,0.5750687984510083,-1.973200043873872,-0.6636895856462367,2,0,1,24
1.2675527602725012,0.7717268746656738,-2.2707577338372733,-0.1244883616356172,0,0,2,22
2.683298131408633,-1.7298659978717676,-1.4219145237331428,0.60664948966043,0,-1,0,41
-0.0984606475891083,0.2288426036765367,-0.101703632721,0.0464945965141897,0,0,0,28
-1.713784185793787,-0.0484109344056039,-1.2710577754881367,-2.3402074007873974,2,0,1,36
-0.6395781480080494,-2.396339274646733,-0.0224874089367302,-0.24496636368254,1,0,1,33
-2.1638494906187637,-0.1534588627990883,-1.8331784779742568,-0.8953783829809818,2,-1,1,11
4.412910976786259,0.1400745005912251,-1.056895231900144,-1.227204434576568,0,-1,2,30
2.2801517336139843,-2.8654850152451026,-2.0219617734636994,3.250081570452131,0,-1,0,2
-1.9695082769530248,0.6485097588720554,-2.377475848789402,-1.1947845403370982,2,0,1,24
0.733095871401634,-3.0416932229099203,-1.968296815298757,0.8335097669547169,0,-1,0,2
1.8401565702857607,-1.1222614497615613,-1.1010916426672808,-0.5068517121519134,0,0,0,41
-1.309430882291953,0.1314767424929992,-2.0336841779057018,-1.4998647594987644,2,0,1,7
-0.249496833067363,0.4812798328411443,-2.085879338569524,0.0149342252206408,2,0,1,3
1.6651526686932487,2.079094259739546,-3.35878147400571,0.1540697473288896,2,-1,2,40
-1.2879435413078115,-0.9586058106968276,-0.9116401020275792,-1.3957257711170383,2,0,1,44
-2.619256495664627,0.0166509388071209,-2.003058198903756,-2.0687918537248144,2,-1,1,36
1.5810438702726797,-1.0374513590305352,-1.568604574109279,0.8302873011367919,0,0,0,9
1.8315165016967216,-3.197206956294154,-2.0133138569368665,1.2407017308262784,0,-1,0,2
2.2212829612953238,-2.6629415938400807,-2.3497936788767166,-0.9992105011039724,0,-1,0,15
-1.2756822493665154,-1.941799543158884,-0.1512340246756197,-1.8704367238650468,1,0,1,35
0.0214526671878436,-2.28708669052647,-0.0975907571601474,-1.7526614891234062,1,0,2,18
0.55769628301244,1.4163630269030865,-0.2603304209090902,-0.5237936497326423,0,-1,0,21
1.646058271916956,-1.464915745620577,-0.7064715877597921,-0.0257798882152613,0,0,2,9
1.090500460944148,-2.7637851603269894,0.5279726182312674,-1.5683801194932685,1,0,2,38
-0.9016239355593514,-0.5790244691276978,-1.5286484206034363,-2.461395225919437,2,0,1,36
-0.4327032043892723,0.7009530966411563,-2.908011709868928,-0.4924480304012862,2,0,1,3
0.532223487380495,-1.83276385480574,-1.2875891124767405,0.5891991480601502,0,-1,0,10
-1.0792488302561818,-4.532736489659081,1.242865293694433,-1.723245583941024,1,-1,2,37
1.431000686677566,-3.2024641684366077,-2.424587205469224,0.0112714020444741,0,-1,0,15
0.2932749674696652,-0.0096871399609224,-1.9111446619553685,-0.8325189884677832,2,0,2,23
-0.3169297049238746,-1.5443173931176992,-1.9478146925177149,2.2316743577750606,0,-1,0,5
-2.443037078675417,-1.5116934090977303,-0.311278039090333,-0.086832184790513,1,0,1,42
1.3647473033630162,-1.0638176040770495,-0.8556472610849842,-1.4206934593111855,0,0,2,4
-0.4900770780307285,-0.7423848105381241,-1.2102729569271793,-2.545253076533296,2,0,1,8
1.2330726544441055,0.3228259488030538,-1.9714888855187216,-1.6356042472082517,2,0,2,23
-0.2936623725289239,-0.6564980046706008,-1.4933283720440642,-2.5149812115770565,2,0,1,8
0.4887730336597972,-0.3378821011415591,-0.4719392841066037,1.3286040099788412,0,0,0,34
0.3370237509653058,0.5214563211226964,-2.2017089672975194,-1.5081051479070815,2,0,2,23
-2.0800359060580806,-2.298468164152416,0.2312454215623951,-2.073469610637148,1,0,1,35
-2.333363076408797,0.3487511763838646,-2.0949946898313945,-1.170446368358847,2,0,1,24
-0.4478446574274093,-3.730021898333948,1.628707709104129,-0.3409751171666747,1,-1,1,17
-0.8440664764985513,-3.6072202375686047,0.3334080103388253,-0.3975229181329927,1,-1,2,13
-1.2760914656829665,0.6608647507773158,-2.662610786004997,-0.9868017383107632,2,0,1,24
0.49545237089217,1.0488805990455972,-0.6951837186256701,1.5224441479683857,0,-1,0,25
-0.1204273674810223,1.3058243373580654,-0.3838143948573945,0.1485357284966896,0,-1,0,21
-0.0054219348107993,-0.6364573858278162,-1.454375439491027,-1.0483114171270822,2,0,2,7
3.2328974730684368,0.6858361517038918,-1.7921956487963229,0.3270692741524807,0,-1,2,0
0.1881534408343758,-2.196051307632494,-1.5258072674074996,1.7038915248940365,0,0,0,10
0.4552763458279172,-2.579932967779564,-1.4255783016585388,1.0531792014129342,0,-1,0,10
0.6648850998728824,-2.8469638226901672,-1.8937129408379576,1.846067832959232,0,0,0,2
1.554684909166515,-2.2137753167867595,-2.0012776010709814,1.4795045191347014,0,0,0,2
-0.8607308502213918,-1.9987311664954253,0.0420089913026995,-2.0632159110696096,1,0,1,35
0.4616080767585908,-2.2951621909062405,-1.8855960579132127,2.26975356001342,0,0,0,5
-0.0112074190320905,-0.6670662238842731,-0.3793843082952869,0.9303441962293753,0,0,0,28
-0.2792728781705191,0.1263083947380761,-0.1658450691574369,1.6216795345296895,0,3,0,25
1.1559258133181567,-1.9133898376106664,-0.1984281525406471,-1.8567021105347836,1,0,2,18
1.0912727957992034,-0.8766285772484831,-0.8831690067400018,-1.5761110843815147,0,0,2,4
1.4233788482710654,-1.0020297455478344,-1.8626308978245687,4.025486837505841,0,-1,0,6
0.5859421884585536,-2.89447970660844,-2.410234915874906,0.6487117117220031,0,-1,0,2
1.0030926946370338,-1.3940752568310006,-0.2099341562036359,3.4058655063457204,0,-1,0,12
-0.1827785760831598,-2.3706756976182697,0.061296623951629,-4.359247184287445,1,-1,1,19
0.5339414980272592,-2.7399891356943327,0.2735947072318412,-2.0956815832701383,1,0,2,18
4.013865350986944,-0.6375109582177204,-0.657295875528265,-0.0045808046940487,0,-1,2,30
2.3214045220546806,-0.7800001730591009,-0.9643920052365031,-1.2592216306729034,0,0,2,41
2.7236323276925267,0.1506545602374962,-1.678281815039015,1.2184635402028698,0,-1,2,0
0.5862901113812444,2.7425616925771585,0.4888767094263244,1.9102822928027363,0,-1,0,16
-0.0953413518529933,-1.1485089248299565,-1.3997682869580477,2.47849220972272,0,-1,0,12
-0.8445267892981072,-0.2825568107574115,-1.16992365656186,-0.6091096461763541,2,0,1,7
-1.4884655582797113,-0.6994783884141949,-1.6829952639943064,0.06327429763697,2,0,1,11
0.9186051996355302,-0.0489188712671471,-0.2611798893421031,1.2334026585967093,0,0,0,34
1.88571341773432,1.7987780273616498,-2.8753905821034635,-1.3338343434886923,2,-1,2,40
-0.3509943192757906,-0.993020436834146,-0.7011420912008206,-2.533444805726624,1,0,1,19
0.2139081931798652,-0.9150265730785164,-1.1889881163160776,-1.5606516880235213,2,0,2,8
0.6598753875065468,-0.1316873572568749,0.3698422536630756,0.4586848719196802,0,0,0,28
-2.648319754698459,-0.9664691129057564,-0.3995727687889709,-1.402695150859745,2,-1,1,14
0.1134024168624133,-0.2083846090151591,0.0716342700972152,1.1856920493712286,0,-1,0,28
2.4634431922803537,-0.1204617835718974,-1.5234377346592267,-0.229041511851979,0,2,2,0
0.917938388912,-1.17556672344766,-1.0473427974344425,-0.9189192304232804,0,0,2,4
0.1136105961468925,-2.730921522422819,0.8072938634221638,-0.5950886924927561,1,0,1,13
0.5121052876846641,-1.91829165705381,-0.1037392895960243,-2.360475867013234,1,0,2,18
0.6860304900351974,-0.4558985789283228,-0.3301757253165247,1.8402350968005088,0,0,0,12
1.5899019294379806,-5.088329656830508,-3.682483143782093,1.9052449048321844,0,-1,0,31
-2.064499633955479,0.3734828383931903,-1.997113427103845,-3.0399665588981284,2,-1,1,36
1.3277244612861014,-2.446027016353775,-0.0679699243542842,-0.6316652787349856,1,0,2,26
-1.8956437478835224,-1.9119567409662728,-0.3716812471916473,-2.935808265789142,1,0,1,19
2.4029776532442684,-0.4310754864513105,-0.4682091993299752,0.7191237265158283,0,-1,0,34
1.3449955824838966,-1.113076264295705,-1.0061259211774514,0.2212870270265403,0,0,2,9
-2.178952950710464,-1.945124796803776,-0.245851687688672,-2.282518866141567,1,0,1,35
0.0062985867713483,-2.748029401272998,1.0400462927793463,-1.0854431693437978,1,0,1,13
0.6417385290783202,-0.6506276386791181,-1.4494527491793114,-0.8872607526516788,0,0,2,4
-0.4277008197386316,-0.0148528378161009,-0.3416117417769423,1.7474059455180022,0,-1,0,25
2.178879560117503,-0.7585449100140221,-1.3158398180571511,0.6901816002862953,0,0,2,9
0.0507247259324448,3.175416591899457,1.871029410191804,0.0140117796736944,0,-1,0,16
1.523634971605153,-1.5519831966814546,-0.9345376588057864,-0.9071454120441012,0,0,0,4
1.3111079720249386,-1.2635216595514214,-1.1796313438738444,-0.3124222276833994,0,0,0,9
2.4259397371035654,0.4231204478774808,-1.630867536506038,0.0417079757792866,0,2,2,0
0.7491207812942688,-2.918925215113488,0.9635743870613204,-0.5516003807488231,1,0,1,38
1.3299723342892706,-2.2589341946439605,-0.121446929541628,0.5826936754007803,0,-1,2,26
0.1029635631941801,-1.2281509818420355,-1.0321272161918682,-0.7781873800985883,2,0,2,39
0.4380250232741292,0.3558842185175983,0.5034684425611611,2.371097306327276,0,-1,0,25
0.0729853833905362,-2.2342081556250744,0.3919572895473089,-0.7153646344733229,1,0,1,13
-1.5966454616244508,-1.153629729939174,-0.9670667016305302,-2.630961125207438,2,0,1,19
-0.4818335781260721,-3.855479620119276,0.7419705151456144,-1.0138319657345225,1,0,2,13
-1.4254629964088077,-2.8525971527744782,0.40177847175733,-1.1418728093444193,1,-1,1,35
2.167191161802,0.1456281956792653,-1.7932808529004016,0.7309726647278763,0,-1,2,0
1.5963332316887402,0.7720711273491736,-2.2681634450078105,-0.8669630163761175,0,0,2,22
0.6338521396184069,0.7784633235234102,-2.654907124677515,0.0070207011099039,2,0,2,22
2.532917645068121,-0.8156183103549665,-0.945023955638145,-0.6655030456486319,0,0,2,41
-1.6246993053205938,-0.1878780180789176,-2.0203123881148093,-2.509481114998339,2,0,1,36
1.6707868382038438,-0.4098832879714426,-1.4142497865384585,-0.0622518468312448,0,0,2,9
0.0657980931252517,-0.495281603600216,-1.0188786348765095,0.5932172781251452,0,0,0,1
0.0676876207144574,0.4528414476876996,0.0802359872381812,1.9805156080546165,0,3,0,25
2.0877754691752517,-1.694337998772983,-0.2376473823810219,-1.2814706648324885,0,0,2,27
-0.908051515019297,-3.144506451937772,1.1228540273771093,0.1516766939705305,1,-1,1,17
0.9887077252229752,-0.8999489376154207,-1.2739913167620367,-0.6460753376912862,0,0,2,4
1.5104403035684693,1.3354691734535584,0.2450172502812346,0.7137906991686087,0,-1,0,21
1.9057210539014788,-3.7527898744961616,1.2996608094254274,-1.6446308886490817,1,-1,2,38
-0.4116885648655675,-0.8541203620112054,-1.301588296006819,-1.1229354346165306,2,0,2,7
0.2073087770581194,-0.4508979988235082,-1.686843935377654,-1.768390643675238,2,0,1,8
0.5383838550278164,0.1746278821716427,-0.7392354744319962,2.508158579160571,0,-1,0,12
1.225972023107477,-1.4143260584175772,-1.7883408982955795,2.320282549061905,0,0,0,6
-1.423314500829019,-1.2359304516991043,-0.578681069551281,-0.2729884270317798,2,0,1,42
-0.4129011656573386,-2.1790025730723386,0.587336892781676,-1.3316589804845365,1,0,1,13
0.5124078537771495,-2.4743972236705414,-0.1321483551123682,-0.7683860158380835,1,0,2,13
-0.6915074538027033,0.2138205466424918,-2.3271718559503176,-1.3600585711263635,2,0,1,24
-0.1278818889700439,-1.6988735314187933,-1.168127775319468,0.908204104193258,0,-1,0,10
-0.0965808883333882,0.1969976889738038,-2.280386091643538,-0.0970830262111845,2,0,2,3
-1.1161551270586207,-0.5083727684531028,-1.3614114612867405,-2.4902445712924406,2,0,1,36
1.6084390661388634,0.8694858161102963,-2.201982411227291,-1.2330579192869362,2,0,2,22
1.1860782047851424,-0.191009766020485,-2.03559177506037,1.8751580881910213,0,-1,2,6
1.7725347963403577,0.5433812584373923,-0.9313846500224716,1.8822732581750456,0,-1,0,34
4.960839658046495,0.4495914021051959,-1.3468996070085155,-1.1501861067860035,0,-1,2,30
-2.248438864649037,-3.583405105834873,1.1169216700472608,0.3128330407183712,1,-1,1,17
1.2758070411301192,-2.4490051793228904,-2.2283000509231385,1.5199129572951349,0,0,0,2
-0.7560577475812169,-2.930022318222539,0.7111115307286768,-1.9322042038002387,1,-1,1,29
1.694115586034798,-2.165645911988197,-0.0803406089874356,-0.5388299980145831,0,0,2,26
0.0714084781564776,0.6531101940676438,0.0938730517806187,2.674040028765096,0,3,0,25
-1.56602654110607,1.5615540481976855,-3.185370211218779,1.6185518446779894,2,-1,1,32
2.356688365112648,-1.4949402022082858,-0.3158411413318029,-1.5000370858714938,0,0,2,27
0.5656900357651402,1.0701159667775566,-2.6343506012000883,0.1873803432710552,2,0,2,22
1.375913915155442,1.7261767445690186,0.7829747009143868,-0.5673133905049803,0,-1,0,21
0.0006133586632358,-0.3800732372057886,-1.8217816382413403,-0.2107277720309895,2,0,2,1
3.205351117617509,-0.1722117770455969,-1.5946139883841906,1.2895879609987428,0,-1,2,0
3.433756514454679,-0.5169344519476553,-0.5464451232144714,-1.4774570223793004,0,-1,2,27
1.569217977860283,0.3504650259178856,-0.7772713707981034,1.1542344623862075,0,0,0,34
0.4987985917145705,-1.4566699581463889,-0.512000142098324,-3.18518192327849,1,0,2,18
-0.3495743529118471,-1.7688483247061644,-2.16817919352727,0.6468695400376289,0,-1,0,1
1.264241373126714,0.3177282347881371,-1.9385924999398705,0.1141274989705778,0,0,2,22
2.396154525448991,-1.5831400723508198,-1.9974618583021804,0.9043028144738734,0,-1,0,15
1.881165247665873,-0.2415338389576218,-1.2794131366766228,-1.2901915907084087,0,0,2,4
-0.3509015777981993,0.7722177562948804,-2.551734788615889,-2.3840708551607945,2,-1,1,23
3.6447394871170977,2.546083269552426,-3.021280129615473,-0.1214602174949651,0,-1,2,40
1.063078965154994,-2.394427926907136,-1.5315439020292436,1.646327811744841,0,0,0,10
-1.103330465257411,-1.3836125452079893,-0.4504395680344328,-0.4776998505196053,1,0,1,44
-1.1868732959743815,0.5869069717478628,-2.24021159121083,-1.966173455349916,2,0,1,24
2.534392918459852,-2.370883032290398,0.3230385822575568,-1.1086729749086668,1,-1,2,26
0.8987714532473948,0.6481260656003489,0.4644513357443489,-0.4633975115135738,0,-1,0,21
-2.052404807437016,-1.8427288465888296,-0.3309142720765274,-1.814141013996807,1,0,1,35
-1.7122668537967782,-0.5262316119961459,-1.577858536977994,-1.6008242010492817,2,0,1,14
-0.7842247714585597,1.1534225920688268,-3.0113974665392016,-0.5712832419595648,2,0,1,24
-1.0590395286107448,1.2366961344021652,-3.11635797938477,-1.2817953548227858,2,0,1,24
-0.7019674355625165,-0.7769577798890689,-0.9495246590697982,-1.6670791191449363,2,0,1,44
-0.143772865365251,-1.4207521902398574,-1.119466487392968,-0.1669905217644336,0,0,2,1
0.4132025732788843,0.8940141077877599,1.0409476871634609,1.674314161904186,0,-1,0,25
0.7795588713794247,0.1687342170232559,0.1392134984467303,0.7091624360004141,0,0,0,28
-1.954230049494824,-4.111254113509756,1.2513146926879295,-1.7590312237477783,1,-1,1,29
-0.741151676555085,-1.209725096579053,-0.3698417112358174,-1.4609128706159995,1,0,1,44
0.0049942955460644,-1.82652720560654,-0.5009403459770551,-1.6202913860358945,1,0,2,39
2.4283397884763134,-0.2095850537837011,-1.6390804523534903,0.5497499482587525,0,-1,2,0
-0.6684607358001848,-1.8434402272654615,-0.1317004128272805,-2.6236253333846475,1,0,1,19
-0.8276757217074557,-4.484599322754558,1.6972828679212275,-4.056563183936256,1,-1,1,29
-0.2777199183101684,-0.5463128257895907,-1.938716545590377,-0.8571534427716478,2,0,1,7
-1.4074795361561192,0.2208199548282139,-2.183452206721319,-0.9450909358204724,2,0,1,24
-1.098378601667071,-0.9314261729048314,-0.8893926751708456,-1.3898650026742885,2,0,1,44
1.45890712243328,0.3493099663652614,-0.5190456700054582,-0.9794404616465366,0,-1,0,4
1.539375579176267,1.7776672710757788,-2.799416968442964,-1.1476743925083397,2,-1,2,40
1.4207936189882082,-0.3572947723716028,0.4018093182828566,1.3163642289954405,0,-1,0,28
0.319147700709915,-0.7341269096589945,-1.0264578383431309,-1.2045164959145238,2,0,1,8
0.0286515659272672,-3.3843977223145925,1.5624513023472568,-0.9163030760826748,1,-1,1,37
0.4072680517207996,-0.807458284496724,-1.0731460029968145,-1.8315304480106176,2,0,2,8
2.6608435616257555,-1.6062285075554907,-1.9600798034884008,0.0429864677486044,0,-1,0,15
-1.8319014124076716,-0.0754890581652318,-2.119082492350829,0.1093506637044712,2,0,1,11
2.65716519433956,-1.7676279726067865,-0.1383169703492354,0.3611764700508793,0,-1,2,41
-0.6697888378061106,-0.523280142134391,-1.429030762317463,-0.1994148370188915,2,0,1,7
0.9077516362266924,-0.4698146255106745,-1.1607098138703291,-0.6436776919074241,0,0,0,4
-1.586386032908821,0.269095747749388,-2.0873927229370763,-2.2723543252315066,2,0,1,36
1.5905277996994327,1.4532149919126849,0.070700255507039,-0.4922775628150078,0,-1,0,21
1.656632120967829,-0.2753963521461016,-1.043636750131342,0.1934814076377935,0,0,0,9
0.4534880061980907,-3.47401220995838,-1.781703252733268,2.3039814642133347,0,0,0,2
-1.5570400228911383,0.320515379233141,-1.8446425028350664,1.1149967652877877,2,-1,1,32
-2.08119648347954,0.6102406473062938,-2.5114377596225466,-0.7454804410729223,2,0,1,24
-1.288617180458092,-1.07487077720609,-1.3290672996151214,0.6273003644053432,2,-1,1,11
1.5330680991622732,-0.3214738098704429,-1.060679578016051,0.143021451064274,0,0,0,9
1.0221280825144403,-1.4049853313218073,-0.9071718094800496,-0.6923782141832373,0,0,2,4
-1.0400249472422018,-3.4495756663627715,1.0507115652369068,-2.709383533325185,1,-1,1,29
4.660908469258654,-0.6509550980988374,-0.7278990035171,-0.4801124869212224,0,-1,2,30
0.9789766334265578,-1.4632719310566402,-0.7455154995250853,-1.1350078028252266,0,0,2,39
0.9286531694175788,-0.4173986447969229,-1.0200954143321068,-0.2847401685100199,0,0,0,1
1.7189623969305077,-4.948275258358923,-3.24724511653572,0.4786447305639775,0,-1,0,31
0.2923861911737555,-3.367946456531296,-2.3291857269237277,2.643751329765921,0,-1,0,5
-1.2879045806469858,-2.0636038123541898,-0.7518177344679058,-0.9442734793641724,1,0,2,44
0.7673346500265739,-1.5357376116202477,-0.7372295593649987,-1.229784782518362,1,0,2,39
0.4367082585289451,-1.94736202641638,-1.1313729224236764,3.572953486386903,0,-1,0,5
-0.4220656040551306,-1.4100090731945034,-0.5033700458154053,-1.0489929903986008,1,0,1,44
1.105946505378172,1.427486227114986,0.9336079301054658,-0.3445049565070732,0,-1,0,21
1.8024151779454496,-1.8062556979391249,-1.4311233440296656,1.9840442775575424,0,0,0,6
0.3956863402739131,-0.5753555417736633,-1.5807256948016408,-0.3703635719637517,0,0,2,1
0.3620159903378506,0.6608377707981057,0.5007804461928216,1.2599337491018443,0,-1,0,28
1.3407443003873551,0.7643975829556164,0.8651600298249862,-0.2918997504787126,0,-1,0,21
1.031523465545752,0.0262135193083845,-0.1926702386269339,0.4284160689142769,0,0,0,28
1.035527547731738,-3.06242634079648,-2.745102610180268,2.1859445845214083,0,0,0,2
1.8486119646337391,-1.4486820823247837,-0.5243394297453438,-0.5315683990585971,0,0,2,26
1.5091058491623133,-0.419654850843248,-1.5016531703504494,-0.6095399648078395,0,0,2,4
0.2894103985533605,1.4139652162159306,-0.3429817797759177,2.2453483764803828,0,-1,0,25
-1.0446792401277527,0.1457563173992697,-1.7243355716693558,-0.9893262698471144,2,0,1,7
-1.9865237261363973,-2.0774999466719275,-0.0796514197105908,-2.8493688227418525,1,0,1,19
2.7024403882968597,-1.0163971815330193,-0.7362732830457492,-0.5784203644694683,0,0,2,41
0.6747164403241968,-2.38952604620463,-1.459639786727433,0.2296473358038678,0,4,0,10
1.1904123322640288,-0.5177547725304581,-1.4116139740222504,-0.6245627612154601,0,0,2,4
1.6820909315749053,-1.4677826433907355,-1.492963413084238,-0.0347902321058544,0,0,0,9
-1.53117465743817,-1.5974507549701236,-0.3255065141895616,-2.110891888899925,1,0,1,19
0.2625915118804965,-1.5126002672237224,-1.9328477395550323,1.645912666305199,0,-1,0,10
1.6987240504931775,-3.003193973496052,0.539665103556703,-0.0179666101275195,1,-1,2,26
1.1692837518191512,-0.2531949456672957,-1.701629375566029,-0.5103720264975382,0,0,2,4
1.594867423735748,-2.4601678758498275,0.1901424211818305,-0.9322198276110216,1,0,2,26
-0.3146071278220248,2.597697248055653,1.5874884664426228,1.7645301530604498,0,-1,0,16
0.6075671480560119,-0.3257221233553261,-1.7086840709096025,-0.0802528653664453,0,0,2,1
1.589844759476712,-2.229948203097604,-2.3540414674851817,1.8273986759200824,0,0,0,2
-1.4822625915796452,-2.552635347553191,-0.3142150625802085,-2.307876227360132,1,0,2,35
-1.3205661883183155,1.1149232705583954,-3.4719705559257914,0.1419917022635644,2,-1,1,32
2.3655595205963733,-1.132553884592835,-0.948565407386286,-0.5485415201418539,0,0,2,41
-1.6196526983641817,0.7255069687128914,-2.9880256085108265,0.2398512930767655,2,0,1,32
1.2732226361765306,-1.064429331816874,-1.0599829315501708,1.892014281443172,0,0,0,6
-0.358510181431842,-1.8121589090435417,-0.1947821247130782,-0.8167116645845106,1,0,1,33
1.341539492470455,-2.216069795831962,-1.2829965515096386,-1.293192714468562,0,0,0,39
-0.9331101308391456,-0.5392712484264901,-1.3263292766715034,-0.7845412109061413,2,0,1,7
1.9273734631013373,-0.4750456961145635,-1.1447677279012327,-2.09311223207006,0,0,2,4
-0.6869820037298913,0.1029376341583205,-2.224397290047892,-1.4142685020315504,2,0,1,7
1.2909666837435052,-1.017573852268985,-1.4878035345142129,0.5548464249451277,0,0,0,9
0.3372921085719844,-0.0507685306882595,0.3356776681523632,1.8725925152213,0,3,0,25
-0.6188424584495296,-1.94126598741792,0.1526890548838744,-0.1164437265185363,1,0,1,33
1.4200900405752983,-0.5358371441887317,-0.135679404140521,0.1185198885523917,0,0,0,28
-0.1585325308056424,-1.578990835433053,-0.9134926872079672,-1.2167343791190133,1,0,2,44
1.0495089392399948,0.5920953820289634,0.4316488470016237,1.9334368481834985,0,1,0,25
0.3866335826673855,-1.5778796085489948,-0.4697612610324194,-2.2921473332426148,1,0,2,39
-1.2736981431770844,-3.067285483212156,0.92033456799788,-0.0794361253661298,1,-1,1,17
0.2955954867122989,-2.413515900112434,-0.1379359760144897,-1.0460574395093112,1,0,2,13
-0.0658035338575477,-2.1849304647175445,-0.086622823889165,-2.203985099555176,1,0,2,18
-0.3349159226465132,-2.2779927877765007,-1.3921998835837577,2.6132609888044374,0,-1,0,5
-0.1647836400054265,-1.9108742161947825,-0.2282616885025861,-0.0485420480794341,1,0,1,33
0.0734309537895115,0.8439877641903855,0.9522073640796264,0.2286855997971205,0,-1,0,21
1.2434113478805504,-0.2365643918961063,-0.6749179112166421,1.2084586003747055,0,0,0,34
2.5752217429823654,1.08217173486927,-2.2757960465931903,-0.6629673634841453,0,-1,2,0
-0.6395414970638205,-1.0039817789961143,-1.2203591134894134,-0.9156967097066324,2,0,1,44
-0.2754733211033371,-0.2791930557263674,-1.7013330372302424,-0.3129293448182219,2,0,1,3
-1.9060901253504383,-2.7181277686046954,0.7795782178745592,-2.6534937261507388,1,-1,1,29
0.0482268790625642,0.7827847630881648,0.2590440661210096,0.3548554477908183,0,-1,0,28
1.3940854746034077,-3.696175278732392,1.1004363651809816,-1.0644521791074588,1,-1,2,38
0.1388087963048057,-1.9839896966131785,-0.4176333538838634,-2.7842490015685204,1,0,2,18
0.7768890932268185,-1.627579751430639,-1.3260595525419905,1.919202781436558,0,0,0,10
1.7929555288555512,-2.053847081071125,-0.3192850211735402,0.0146164495944154,0,0,2,26
-0.2182024962291096,-0.1048156016413482,-1.846991764118095,-1.1463371680519707,2,0,2,7
-1.4307956128388828,-1.4437520399512025,-0.948549361525096,-1.6278468669096036,2,0,1,14
1.3011552036065648,0.0229554080323011,-1.5747802016544878,-0.9504494919271352,0,0,2,4
0.3933875301061122,-5.837028845309123,3.282526812077026,-2.1320644636334096,1,-1,1,37
0.8943638981995202,-2.118128807149368,-1.4678935865493097,-0.1246923616623378,0,4,0,9
-2.221111941842312,-0.8216431107697252,-1.5428900043923583,-3.306460638816582,2,-1,1,36
-0.0355338571674823,-2.0573584225680364,-0.3653764032503074,-1.3359757693032024,1,0,2,39
0.1825877024626757,-0.8514009490683954,-1.5525464900232209,-0.2626392419658158,0,0,2,1
0.6729818197487747,-3.9520328768526105,1.524553634976375,-1.6315118236644524,1,5,1,37
2.565585213349529,-0.7932186635193452,-0.9862069671985532,-0.7855832256116885,0,0,2,41
0.3210620192890266,-2.666272202564045,-0.0174317236920784,-1.0143716008614496,1,0,2,13
1.021195988399625,0.4078545506868649,0.3829007359552512,1.494265720023245,0,1,0,28
0.8421542215533968,-2.660500794226797,0.1432725114123749,-0.5770813123606396,1,0,2,26
2.7890439821202277,-1.0440698700022752,-0.6155785736713633,-0.5958097403056464,0,0,2,41
1.433901939114424,1.324763323331824,0.562439276106373,2.5398532692895355,0,-1,0,16
1.7541024885401346,0.2806827214112084,-0.3829268253114385,-2.2598324485150227,0,-1,0,4
-0.6361894516419939,-0.7668243366894982,-1.985055500928324,-0.4031582260366634,2,0,1,7
1.0716886618685626,-1.766242861812625,-2.1483972668248854,2.52849434554274,0,0,0,6
0.4009767601505041,-5.130037788756272,-3.123774444868507,0.794994564012394,0,-1,0,31
0.8147813994004175,1.7045187365044083,-3.013222101417233,-1.3004593396689643,2,-1,2,23
2.3168543097475034,4.093283565618386,1.195871731829583,-0.5583787182177493,0,-1,0,21
0.2844676654821394,-2.738449240429434,-1.4659726757441742,2.0603169728850936,0,0,0,5
0.0888355824293893,-0.6494919968587132,-1.2183410625894784,-0.1912284791603362,0,0,1,1
-1.2010869874403762,0.8738086982176172,-2.850189110246508,-1.7126850581528457,2,0,1,24
1.0597322102493605,-2.627046177205222,-2.492136769055186,0.7734099520991365,0,-1,0,2
-1.29466132528133,-2.1100106406413297,0.0443661995741264,-1.8097784832232853,1,0,1,35
-2.3800247335867866,0.7865311306648646,-2.667253934079083,1.4762207332476578,2,-1,1,32
2.3025849237960423,-0.7141224410785069,-0.9630054244859328,-1.0894429779106234,0,0,2,41
-2.003686451250465,-0.7605354021186239,-1.7065192380720773,-1.5619390617804043,2,0,1,14
1.9301269375935977,-2.424811297312344,-0.0599069371203011,0.1423889232354809,0,-1,2,26
-0.1389811966385663,-0.6480851544917766,-1.5341938719176544,-1.2175430835183365,2,0,2,7
-1.8760013069198769,-0.364515906092731,-1.755973795862323,-2.5120832585430235,2,0,1,36
2.9429774638300623,1.0285497808509845,-2.203591452802476,0.1978960454189551,0,-1,2,0
2.418816004289076,-2.227072987192379,-1.1075218134083695,-0.7634356492797765,0,-1,0,41
-1.1888822063055484,-0.77647318024783,-1.485262074808004,-3.8479692342623006,2,-1,1,36
-0.8012257745928663,-0.796875817347907,-1.0071203110250464,-0.1673364398964164,2,0,1,44
0.6957617073451475,-0.3566565176003163,0.0907475938009132,2.441769876609258,0,0,0,25
-1.5020853907163167,-2.2784833168863603,0.3708413151623784,-3.3925504266703244,1,-1,1,19
0.572536747332264,-3.6883441357353584,0.9818818517946516,-1.7094535910821185,1,5,2,38
3.2153241233144354,-1.3189333222851851,-0.3724559524118698,-0.5805600159932596,0,0,2,41
0.9136781999626428,-0.8890553819181207,0.0556592786530811,-1.5078500575743332,1,-1,0,39
4.624802865385671,1.676330113522067,-2.3176148300417827,0.1981208413868773,0,-1,2,0
1.826708104625065,1.141103669569259,-0.2893782191298515,1.3004713006141078,0,-1,0,34
1.5504770579309537,-1.37165127023826,-1.557354515992144,3.085429573542009,0,-1,0,6
-0.957153417829096,0.2968386441891744,-2.151406458897364,0.5244866884332129,2,0,1,3
-3.229841075205597,-0.9259736336040828,-1.1111334585462518,0.3028324116104548,2,-1,1,11
-0.345878184727267,-2.1773430241213823,0.2586183245288798,-1.6323088776819557,1,0,1,35
0.9660638502306832,-2.012025875514922,-1.4179874886823025,1.7022110536206896,0,0,0,10
1.098153157432188,-2.8147645460407094,-1.019431769449377,-1.8798485599625043,1,-1,0,39
1.3708454303090227,0.1741629075125863,-1.0091634686532465,1.8181666535490628,0,-1,0,34
-0.807495439382327,-2.7760767863851106,-0.1788751798943416,-0.7715555998446996,1,0,2,13
-3.369329225761847,-0.5535731669924024,-1.7472113874080462,-2.0193709848252004,2,-1,1,36
1.486393406263654,-1.76981249374845,-1.7339226282043791,2.218448210885258,0,0,0,6
1.4495341110512072,0.799138313189695,-2.1165040767412715,0.0889959640606687,0,0,2,22
1.4167455200129728,-0.4187316414451448,-0.7213434821303228,-1.9125505867510888,0,0,0,4
-2.1313152617649003,-2.3740417751149057,-0.1555948872802064,-1.9018581729110504,1,0,1,35
1.1132150272389014,-1.364412960380356,-0.5775939820635816,1.044360576375179,0,0,0,9
0.3841963667515347,-3.0886568323289056,1.339687127333926,-0.4894507910196913,1,-1,1,38
1.3629030227474586,-1.70646212246052,-1.1214144517705185,-1.3471744145595452,0,0,0,4
0.7111803474177226,-1.8938641845627937,-0.5135474330377678,-0.0866253299662349,0,0,2,33
-0.2962668547781821,-0.6701347013897043,-0.5937686326685822,0.7155692825878518,0,0,0,1
-0.2209928228375028,-0.862082259127975,-0.8487864486518585,-1.3510610317261331,2,0,1,44
-0.5980216542790436,0.5219647410150325,-2.5459429799126507,0.2839694223758808,2,0,1,3
0.3519049873147873,-0.5932828200772191,-1.4653841822464777,-0.177396138074367,0,0,2,1
-0.1386460393451722,0.6591141061699539,0.0047546468210453,-0.6305324662862517,2,-1,0,21
-1.3180371604828072,-0.8270097557758626,-1.3633827711247783,-0.5702347697151862,2,0,1,11
1.2588041909147,-3.531791083600252,-1.7923528027794289,2.6215987466702275,0,-1,0,2
1.586749530225501,1.0578752829211049,-2.289853044009577,-0.939732663653285,2,0,2,22
1.7890375811490713,-1.5745426607220017,-1.2641869717086038,1.840383673709197,0,0,0,6
-0.2963981897604748,-4.341109569442951,1.9135450777909055,-2.178943216991855,1,-1,1,37
3.429210664159805,-0.7498118193192373,-0.667113823009083,-1.0391237730557354,0,-1,2,41
0.1056394916911624,-0.8392137800022187,-0.9556311149909598,-0.8950539728604496,2,0,1,1
0.431104382401277,-3.6733728642870034,1.1927778172898469,-1.93831439107936,1,5,1,38
-1.3800023041516116,-1.4311338829937748,-0.8750240900220925,-2.1259845913305213,1,0,1,19
-0.4296839769607888,-1.1341024147310257,-0.7725378640328646,-0.4175692248896279,2,0,1,44
0.967436876511948,1.4616914668269434,-0.0509727646116796,1.7854343639938222,0,1,0,25
1.288338489707212,-0.5415243770307949,-1.5278466960568036,-0.501664645574747,0,0,2,4
0.8245558659831889,-3.3152694201860227,-2.337118108485643,2.590212929914232,0,-1,0,2
2.5020438024927234,0.1124681301810859,-0.0129368956212073,0.198667420810427,0,-1,0,41
-0.8617481390436972,-1.3212160181936656,-0.6267630439346031,-1.3611054604186053,1,0,1,44
1.2384256219986478,-1.6879872583320976,-1.8088994415801567,1.6188624949268062,0,0,0,10
0.984027350835009,-4.184523193868622,1.1483882840386594,-1.1167639897484836,1,-1,2,38
1.2711154586094262,-3.120030087191919,0.7282483934404358,-1.3262975288029524,1,6,2,38
0.8777864509661029,2.293925346978108,-3.164927400509822,-0.5633875631949918,2,-1,2,40
0.6432618380396843,-3.984905519279773,1.2120734057723317,-2.143012968013502,1,5,2,37
-0.0744621495552833,-3.8287829764222354,1.1123698768103356,-2.71132970800922,1,-1,2,29
0.065916269601941,-1.1657660050271748,-0.7040021941231268,-1.584738066663962,1,0,1,39
1.6440366483151911,-0.0748743649519209,-1.7085523669246117,0.2577031233625428,0,0,2,22
0.8682554697549578,0.3786074454493287,-0.7172300359507187,0.9843555005302458,0,-1,0,34
0.5908110120369432,-1.655365080106597,-0.5297143728326215,-1.4453863997445018,1,0,2,39
0.0885801375521699,1.2712331905110823,0.2972143905957825,0.3768592277471739,0,-1,0,21
0.7121690036388099,-0.6793628806175975,-0.5555958723562373,2.442189268556406,0,0,0,12
1.0703655818609523,-1.2152493440913597,-1.5184199041472266,1.981301472524364,0,0,0,6
1.628821368403016,-3.266538083077155,-2.758675175701793,1.4404517377916624,0,0,0,2
-1.2397547466040846,-1.5806954421079085,-0.1062352476387908,-0.7029161322120965,1,0,1,42
-0.0689742716853865,-4.027671511509713,1.182146714190305,-1.6286537906769016,1,5,2,37
-1.6256911005381245,-0.0819599632183006,-1.4874244311818527,-3.127003662924362,2,0,1,36
-1.7467169181225015,-1.5465108525498072,-1.3399167244361223,0.1297432984782394,2,-1,2,11
-0.9391449028957136,0.1872191687277027,-1.57922073870334,-0.3314494025544475,2,0,1,7
-1.7918739090225366,0.694656862203767,-2.380287862925008,-1.1817401829548777,2,0,1,24
-0.5116607060040581,0.0252344986239949,-1.8713961224180768,0.4728400562223949,2,0,1,3
0.6987263628042653,0.4226860379697919,-2.4977279238166834,-0.9365647771189692,2,0,1,23
0.7460575657756408,-0.5411858068880412,-1.3534599298587515,-0.7384581076280503,0,0,2,4
-0.7249583929500685,-1.477472490770406,-0.5751287182816655,-1.0635204625186714,1,0,1,44
1.1515497319949883,0.7338550897665987,-2.5935729479897978,1.2410147966205305,0,-1,2,22
1.628214054663987,-3.076677770560445,-2.45048123908224,2.4169890773259146,0,0,0,2
-1.3530893498703036,-1.3399019995500054,-0.8882947725411302,-1.1884451614556677,2,0,1,44
0.7845491003455769,-3.102129332926899,-1.6416650072130938,1.9012396636075863,0,0,0,2
-0.2693538304830905,-0.9168711553415926,-1.0178758829306525,3.6271686618994807,0,-1,0,12
2.4853681228042745,2.157145163608216,-3.1089661730728477,-0.1101758039963847,0,-1,2,40
-2.514363149529215,-2.0893581941707025,-0.1364168220941626,0.4639950542704265,1,0,1,42
-1.530312161599443,-0.6871567208967297,-1.521712348937078,-2.564684720458,2,0,1,36
0.5744451852263469,-0.8112402761837996,-1.0266355875816766,-1.4926595601351478,2,0,2,8
2.6512190691463853,-4.098678444359008,-2.512666106367157,-0.4708163391279911,0,-1,0,15
-1.9429932801452805,-1.3102441703023002,-0.8263370740891629,-2.104956354128957,2,0,1,14
0.684739209309642,-1.5193495043498724,-1.4365256815685516,1.2893074289015622,0,0,0,10
-2.5660788550126994,-0.0406563283143095,-1.923861715279748,-2.117234371321947,2,-1,1,36
-1.526690984633064,-1.4642345323149415,-1.2638533193296673,-1.3241822544580322,2,0,2,14
-2.6677117520588585,-0.7943991533685402,-1.0860484307670788,-1.547792683589053,2,0,1,14
1.3019436081182176,-0.2553811790894836,-0.700499970880025,1.0280926668547905,0,0,0,34
2.2298613529335256,-2.5384100864476764,0.1360977836420029,-0.0693704337455797,0,-1,2,26
-0.0637506046060419,1.0581586973145352,-2.2401783718198063,-1.1887416397621362,2,0,1,23
1.3858794890839692,-4.496320586200026,1.4729065332040827,-0.7368986236337622,1,-1,2,38
-1.7210867644973389,-0.7542385143820018,-0.8020408134514871,-0.3658461648288692,2,0,1,11
-0.9726474020286904,-1.8927881733941048,-0.2771119469771973,-1.2179519890364223,1,0,1,35
-0.1260194561620491,-0.1906153320544754,-1.967600309666139,-0.9766956595222376,2,0,2,7
0.2493770961842667,0.0955306503344568,-1.2611548228012344,2.087821495986251,0,-1,0,12
-0.2888087424059087,0.9560144252925288,-2.9899999978421707,-0.4606143752280601,2,0,1,3
1.9113801729372788,1.5736272243040488,0.8686165146736673,-1.31308296844409,0,-1,0,21
1.6038337434112448,-2.0561554263998536,-2.1597191849226864,1.1414660669647132,0,0,0,2
-0.2770742900651572,-1.0138225843148692,-0.3429251653979696,-1.0656992812017352,1,0,1,44
1.518877481633379,-2.0797911114972374,-0.8231806736263915,1.50503131689374,0,-1,0,10
-4.0282514832250245,1.5320851673215206,-3.416374853509625,-2.366600969244973,2,-1,1,24
0.1948485218827095,-2.021155137827237,-0.534613317490731,-0.5466926638514926,1,0,2,33
-0.1148200987564509,-0.7655649378427005,-1.155535836411156,0.1458254238017666,0,0,1,1
-0.8532647044848121,-0.5348698035670394,-1.6495334289280952,-1.8676076799740988,2,0,1,7
-0.3240396544797517,-4.188429368910528,1.9221632680839968,-3.264253103610583,1,-1,1,37
1.5640526105279124,-0.4559014460176142,-0.7040007443050151,2.0925407727720278,0,-1,0,34
2.4662079952929017,-1.4148224254370338,-0.3420039986543147,-2.287439282965077,0,-1,2,27
0.4907731775782732,0.6345771702349847,-0.2684320515273639,1.4795532842200965,0,-1,0,25
0.2044426504091687,-4.8128059921285296,1.697026009457654,-1.9388473596292355,1,-1,2,37
0.2903434515938656,-1.0375663754786677,-0.6946243930403296,-2.7186357417237774,1,0,1,8
0.2281577023698796,-2.1774881510161723,-0.1741359744550602,-1.483004700520553,1,0,2,18
1.083241134255699,-2.462069937243536,-1.4381977828880468,2.0546348867478605,0,0,0,10
0.4548894493076932,-0.2102614459979661,-1.4992826524771037,-2.549857020048076,2,-1,2,8
-0.2567771589627722,-0.5384227943875006,-1.2528286224405776,-2.999444433671834,2,0,1,8
-1.0623181954547252,0.5948106660353718,-2.1663085478374007,-1.0101887992934897,2,0,1,24
0.7830420916288683,-1.7039439750568968,-0.2363083454190042,-1.8616080970911293,1,0,2,39
1.3511616292183115,-0.5953943449572616,-0.898701537245882,0.9457749128658548,0,0,0,34
-1.527583926253591,-1.4461820121078452,-0.4638007045516127,-3.797390584829063,1,-1,1,19
0.577686192172326,-2.3673994433945924,-0.0280710058324178,-0.9813303485684852,1,0,2,13
-1.6687633402514854,-2.188116393300067,0.2448594646227908,-2.050078170444194,1,0,1,35
-0.2745146677573256,-2.822098499842627,0.0646245841101087,-1.6127737438322038,1,0,2,13
2.590413712772361,-1.175397908111277,-0.8328973478035566,-0.3871655532247091,0,0,2,41
-1.288571665267099,-1.697852634419084,-0.0649987935405707,-0.943598851348667,1,0,1,42
-0.7987513090844316,0.7141651612268285,-2.2886264913792607,-2.3161975007834488,2,0,1,23
0.5617981719790484,-1.7734934493068355,-0.2305061244962354,-0.2136774703936516,0,0,1,33
0.7009424935440259,-1.063574205066083,-1.954350907922208,0.6620434846040084,0,-1,0,1
0.0766644108668257,-0.2563911722210648,-1.6572364433477178,-1.0397904548481836,2,0,2,7
0.8445452466563156,0.2241648560608362,-1.9192162608566925,-1.8329047237792144,2,0,2,23
2.3177166274728487,-3.259987262711709,0.7869571928847436,-1.1115385225270258,1,-1,2,38
-1.7031166262719335,-1.926096076869116,-0.1828116371428536,-0.3737181138590544,1,0,1,42
-0.2260336591477879,0.1516067993590908,-2.0535392754517945,0.5664031545788084,2,0,1,3
-1.157302537494603,-0.6414952040844402,-0.9460919678793352,-3.666062670332532,2,-1,1,19
2.2924141747894997,-0.9279163881803209,-1.5587142949109771,-0.1353166627228816,0,-1,0,41
0.7651249085558788,-1.8413804004179009,-0.4485589478224473,-0.9857437736957432,1,0,2,39
0.6806227871186508,-1.3561604658479738,-0.8766435255373338,-0.6618744726611552,0,0,2,39
0.1840906148751868,-2.285248445971877,0.1544414677292525,1.658770790675256,0,-1,1,33
-1.327365869271747,-0.5757434232851468,-1.271857824125656,-0.4159341749638375,2,0,1,11
2.560496851277349,0.1368247169768119,0.1495669172546256,-0.4399433205902472,0,-1,0,41
-1.6341699682284547,-1.1462040664679047,-1.3629061621742884,-1.3882596616374625,2,0,2,14
1.4533732602043257,-1.7407924764170533,-1.528587935804139,2.40773023537556,0,0,0,6
-1.335623653725623,-0.6669529904459062,-1.8498430044535912,-1.2522410460494162,2,0,2,7
0.7636461406717149,-2.440128604961737,-1.5718699776540688,-0.7100295135827004,0,4,0,39
0.7932496795643875,-2.446762953815885,0.2958108859484072,-2.1836445958518054,1,0,2,18
0.832389644360847,-5.830144445432772,-3.704862702782518,4.289552659953513,0,-1,0,43
-1.4564986548149212,-1.9641173339505007,-0.5393490384477184,-1.5209797206825866,1,0,1,35
0.2834580369805008,-0.39795985744409,-1.8936576016320876,0.1558186936620875,0,0,2,1
-1.9603232035400509,-1.963672385393611,0.0896298889280065,-1.912246569558248,1,0,1,35
-1.1882921767165893,-0.5440734660155918,-0.9326346160154908,-0.8203703928452055,2,0,1,44
-0.2686177584445959,-2.2738725379021423,-2.462232156928673,3.955630267752339,0,-1,0,5
-2.358707521720106,-1.551233074862183,-0.2950002980352596,-0.1718515163317232,1,0,1,42
-1.0458382453000838,0.5063791247730149,-2.6542002772053355,-0.584252298142317,2,0,1,24
-1.3214713870409116,-1.5564231125853842,-0.2233391281128987,-1.6833156625467556,1,0,1,35
1.111206345179768,-2.808701489573492,-2.575715309236494,1.5621393846882787,0,0,0,2
1.6776575867915744,-0.4084635360625755,-1.5039328788662654,-1.086166187880094,0,0,2,4
-0.4401492448143635,-1.6881200340578473,-0.5217733662594098,-2.717533855208464,1,0,1,19
0.0123675355109936,-1.130727407704217,-1.0611594591406708,-2.7166585650161745,2,0,1,8
-1.156749196805429,-0.8261375543415894,-0.8835775435617416,-1.7431811558887906,2,0,1,44
1.4235384305568186,0.2259911216295134,-1.9503211102911524,-0.1998225335350441,0,0,2,22
0.3793015804154174,-0.9729475824822176,-0.7296362807860297,0.436311316935251,0,0,0,1
2.073137181688878,-1.003306051853411,-0.9227705696935802,0.6244523502443313,0,0,2,9
0.4087824331111038,0.7714833454204009,-2.527150600134144,0.2859435689875367,2,0,2,22
-0.9218534733016724,-1.2365634734285729,-0.678653453007666,-1.1202236091905753,1,0,1,44
-1.4416005870895958,1.0622514218255628,-2.767671324515379,-1.5997176299517162,2,0,1,24
-1.822890666612388,-0.4980799479535575,-1.461755778596712,-0.5252347196939338,2,0,1,11
1.1851371859128492,-1.1544642175034736,-0.8009338811657436,0.5346403472948045,0,0,0,9
-1.026655907790781,-1.5432152651103188,-0.4887923140578721,-1.4962694628391264,1,0,1,44
-1.9880372665866652,-1.056248569181257,-1.0838455095946906,-2.6149747789502107,2,0,1,36
0.2362659502781977,-0.2789854588199123,-0.2727793609894705,2.35201820570454,0,0,0,12
-1.075681253132741,-0.1894446246098973,-1.8325543542083171,-1.689650848679647,2,0,1,7
0.9659376893058916,-1.6784067598101666,-0.4970811820511454,-0.9117757209776204,0,0,2,39
1.7247389448020538,2.367793394279072,-3.682882400209957,0.7495076871805235,0,-1,2,40
0.1627448594866698,-0.727040128141776,-1.4446300628942803,0.5103128045817948,0,0,2,1
-1.2470229447038084,-1.8798447295558005,-0.8143794689732496,-2.411793885045521,1,0,2,19
2.3664669809248444,1.4609609716356269,-2.577663683332108,-0.3684079130914693,0,-1,2,40
-1.4086529863220314,0.6010978783416667,-2.4692972587559785,-1.622543677066547,2,0,1,24
-1.1469631564280112,-2.841905154112654,0.7507485252255022,-2.5845320014400825,1,-1,1,29
0.4706789502367087,-0.907286060319724,-1.4516308632803507,-0.3986299132604987,0,0,2,1
1.36160589639619,-0.4654937534989745,0.0171885189520402,0.1325783707906842,0,0,0,28
-0.7216547680689933,-1.898234700206261,-0.3376697751829318,-2.5772277662784315,1,0,1,19
2.1506667519665177,-1.616962130773602,-0.3108173275980765,-0.98201814840937,0,0,2,27
-0.2827447232871181,1.860361445317653,-3.4478972170700555,-0.6375160720452069,2,-1,1,24
-0.94929813245496,-1.8581217399353465,0.1250389595416468,-1.671005541265815,1,0,1,35
0.0018369862183144,0.5695176642209479,-2.290945871892771,-0.3283230170325187,2,0,2,3
3.477194066785822,-0.4678658096922832,-1.102539760377882,-1.0948877958856902,0,-1,2,41
0.9350703558614056,-0.2584050984646315,-1.4127878174483992,-1.2739774856026165,2,0,2,4
-0.6418327124147567,-2.505780755758998,-0.0922274963624188,-2.819520416585245,1,0,2,19
-0.4292001027316848,-3.6870324947548543,0.8222696561120777,-0.1802477386463744,1,-1,1,13
2.5148105563915992,-0.7458920510193652,-0.4822319837118077,-2.8686645016000085,0,-1,2,27
-0.4071888341785132,-4.162951292114277,0.9771662522614276,-1.6438519305083696,1,-1,2,37
1.125811658828242,-1.2489890781002857,-1.109282700488879,0.5322278938112499,0,0,0,9
0.6420656064051297,2.3720926587887714,0.1314267414949939,0.5533601088308118,0,-1,0,21
-1.2081799531412738,-3.827489966746493,1.0685350375943536,-1.8070928073236727,1,-1,1,29
1.0856690889204932,0.2829684141624573,-0.6291971910869825,0.1786520723059738,0,0,0,34
0.6537092499276086,-3.456172444931328,-1.7738640741303089,1.3110387052512862,0,0,0,2
1.5647951209318374,0.7067530799464801,-2.307224989745311,-0.343490681764242,0,0,2,22
0.3662183798929005,-3.1915384949701653,-2.254216546276586,4.092811946440838,0,-1,0,5
-1.6990412754266462,-1.618053265060821,-0.1656722817152933,-0.5853971863529004,1,0,1,42
-1.7988983980007809,0.3233319995284458,-2.2648221305005984,0.2174760971653262,2,-1,1,32
1.773322857006555,-1.2123050983946286,-0.7847591163768641,0.2818161368929974,0,0,2,9
-0.2336982696804455,0.0176766003667707,-1.2296824545307192,1.9031076689066229,0,-1,0,12
-0.0203587139148901,1.7478786459586129,0.6610303072143702,0.4515559330166867,0,-1,0,21
-0.456131705414468,-0.9248529695912544,-1.3513397377934202,-1.0060099528115023,2,0,2,7
2.235108939993672,-1.6878166974222588,-1.2160008931238613,2.081824534141582,0,0,0,6
1.9650710184050988,-1.4913940307368934,-0.6829863244360603,-0.3292190605717702,0,0,2,41
